{
  "env_map": {
    "dev": {
      "subscription_id": "00000000-0000-0000-0000-000000000001",
      "location": "westeurope",
      "log_analytics_resource_id": "/subscriptions/xxx/resourceGroups/rg-ops/providers/Microsoft.OperationalInsights/workspaces/la-ops"
    },
    "test": {
      "subscription_id": "00000000-0000-0000-0000-000000000002",
      "location": "westeurope",
      "log_analytics_resource_id": "/subscriptions/xxx/resourceGroups/rg-ops/providers/Microsoft.OperationalInsights/workspaces/la-ops"
    },
    "prod": {
      "subscription_id": "00000000-0000-0000-0000-000000000003",
      "location": "northeurope",
      "log_analytics_resource_id": "/subscriptions/xxx/resourceGroups/rg-ops/providers/Microsoft.OperationalInsights/workspaces/la-ops"
    }
  },
  "allowed_skus": [
    "Standard_LRS",
    "Standard_GRS"
  ],
  "default_sku": "Standard_LRS",
  "default_network_action": "Deny"
}