{
  "Name": "PE.StorageAccountDeployer",
  "IsCustom": true,
  "Description": "Least-privilege role to deploy storage accounts and diagnostics via pipelines",
  "Actions": [
    "Microsoft.Resources/subscriptions/resourceGroups/*/read",
    "Microsoft.Resources/subscriptions/resourceGroups/read",
    "Microsoft.Storage/storageAccounts/*",
    "Microsoft.Insights/diagnosticSettings/*",
    "Microsoft.Network/privateEndpoints/*",
    "Microsoft.Network/privateDnsZones/*"
  ],
  "NotActions": [],
  "AssignableScopes": [
    "/subscriptions/00000000-0000-0000-0000-000000000001",
    "/subscriptions/00000000-0000-0000-0000-000000000002",
    "/subscriptions/00000000-0000-0000-0000-000000000003"
  ]
}